{"cameraMode":{"drawMode":0,"name":"Shaded","section":"Shading Mode"},"sceneLighting":true,"audioPlay":false,"sceneViewState":{"showFog":true,"showMaterialUpdate":false,"showSkybox":true,"showFlares":true,"showImageEffects":true,"showParticleSystems":true},"in2DMode":false,"pivot":{"x":-1.0113449096679688,"y":4.824680805206299,"z":5.118326187133789},"rotation":{"x":-0.0017539752880111337,"y":0.24701733887195588,"z":-0.0004443275392986834,"w":-0.9690268635749817},"size":26.21479606628418,"orthographic":false}