{"cameraMode":{"drawMode":0,"name":"Shaded","section":"Shading Mode"},"sceneLighting":false,"audioPlay":false,"sceneViewState":{"showFog":true,"showMaterialUpdate":false,"showSkybox":false,"showFlares":true,"showImageEffects":true,"showParticleSystems":true},"in2DMode":false,"pivot":{"x":-0.574350893497467,"y":1.3036423921585084,"z":-1.3559595346450806},"rotation":{"x":-0.03120124712586403,"y":0.9430772066116333,"z":-0.09253687411546707,"w":-0.31797757744789126},"size":5.857884883880615,"orthographic":false}