{"cameraMode":{"drawMode":0,"name":"Shaded","section":"Shading Mode"},"sceneLighting":false,"audioPlay":false,"sceneViewState":{"showFog":true,"showMaterialUpdate":true,"showSkybox":false,"showFlares":true,"showImageEffects":true,"showParticleSystems":true},"in2DMode":false,"pivot":{"x":59.22460174560547,"y":2.6334123611450197,"z":-6.652629852294922},"rotation":{"x":-0.3200267553329468,"y":-0.015063179656863213,"z":0.005100072827190161,"w":-0.9472463130950928},"size":3.033468723297119,"orthographic":false}