{"cameraMode":{"drawMode":0,"name":"Shaded","section":"Shading Mode"},"sceneLighting":true,"audioPlay":false,"sceneViewState":{"showFog":true,"showMaterialUpdate":true,"showSkybox":true,"showFlares":true,"showImageEffects":true,"showParticleSystems":true},"in2DMode":false,"pivot":{"x":-3.063708782196045,"y":-3.1887259483337404,"z":3.480832099914551},"rotation":{"x":-0.22764848172664643,"y":0.03447476774454117,"z":-0.008056294173002243,"w":-0.9730919003486633},"size":8.579428672790528,"orthographic":false}