{"cameraMode":{"drawMode":0,"name":"Shaded","section":"Shading Mode"},"sceneLighting":true,"audioPlay":false,"sceneViewState":{"showFog":true,"showMaterialUpdate":true,"showSkybox":true,"showFlares":true,"showImageEffects":true,"showParticleSystems":true},"in2DMode":false,"pivot":{"x":61.82158660888672,"y":-4.1792449951171879,"z":87.44800567626953},"rotation":{"x":-0.03479918837547302,"y":-0.01407939475029707,"z":0.0004981587990187109,"w":-0.9992832541465759},"size":52.55084228515625,"orthographic":false}