{"cameraMode":{"drawMode":0,"name":"Shaded","section":"Shading Mode"},"sceneLighting":true,"audioPlay":false,"sceneViewState":{"showFog":true,"showMaterialUpdate":true,"showSkybox":true,"showFlares":true,"showImageEffects":true,"showParticleSystems":true},"in2DMode":false,"pivot":{"x":12.378324508666993,"y":2.9751131534576418,"z":79.73406982421875},"rotation":{"x":-0.022762881591916086,"y":-0.06234604865312576,"z":0.001420125481672585,"w":-0.9977788925170898},"size":51.09514236450195,"orthographic":false}