{"cameraMode":{"drawMode":0,"name":"Shaded","section":"Shading Mode"},"sceneLighting":true,"audioPlay":false,"sceneViewState":{"showFog":true,"showMaterialUpdate":true,"showSkybox":true,"showFlares":true,"showImageEffects":true,"showParticleSystems":true},"in2DMode":false,"pivot":{"x":-2.0429980754852297,"y":0.09137748181819916,"z":52.69021224975586},"rotation":{"x":-0.034799885004758838,"y":0.012902368791401387,"z":-0.00044190624612383544,"w":-0.9992947578430176},"size":32.65311050415039,"orthographic":false}