{"cameraMode":{"drawMode":0,"name":"Shaded","section":"Shading Mode"},"sceneLighting":true,"audioPlay":false,"sceneViewState":{"showFog":true,"showMaterialUpdate":true,"showSkybox":true,"showFlares":true,"showImageEffects":true,"showParticleSystems":true},"in2DMode":false,"pivot":{"x":-12.830423355102539,"y":-1.2787102460861207,"z":53.771263122558597},"rotation":{"x":-0.029912540689110757,"y":0.16063573956489564,"z":-0.004862647969275713,"w":-0.9865367412567139},"size":28.37602996826172,"orthographic":false}