{"cameraMode":{"drawMode":0,"name":"Shaded","section":"Shading Mode"},"sceneLighting":true,"audioPlay":false,"sceneViewState":{"showFog":true,"showMaterialUpdate":true,"showSkybox":true,"showFlares":true,"showImageEffects":true,"showParticleSystems":true},"in2DMode":false,"pivot":{"x":0.5887890458106995,"y":-12.513884544372559,"z":97.38813781738281},"rotation":{"x":-0.07374073565006256,"y":0.0020907768048346044,"z":-0.00015475352120120078,"w":-0.9972562789916992},"size":51.52618408203125,"orthographic":false}