{"cameraMode":{"drawMode":0,"name":"Shaded","section":"Shading Mode"},"sceneLighting":true,"audioPlay":false,"sceneViewState":{"showFog":true,"showMaterialUpdate":true,"showSkybox":true,"showFlares":true,"showImageEffects":true,"showParticleSystems":true},"in2DMode":false,"pivot":{"x":42.38300704956055,"y":-3.703291893005371,"z":6.449922561645508},"rotation":{"x":-0.22764848172664643,"y":0.03447476774454117,"z":-0.008056294173002243,"w":-0.9730919003486633},"size":14.15224552154541,"orthographic":false}