{"cameraMode":{"drawMode":0,"name":"Shaded","section":"Shading Mode"},"sceneLighting":true,"audioPlay":false,"sceneViewState":{"showFog":true,"showMaterialUpdate":false,"showSkybox":true,"showFlares":true,"showImageEffects":true,"showParticleSystems":true},"in2DMode":false,"pivot":{"x":-1.155163049697876,"y":-0.524782657623291,"z":1.805647850036621},"rotation":{"x":-0.11101044714450836,"y":0.03518661856651306,"z":-0.003933045547455549,"w":-0.9931920766830444},"size":13.994441986083985,"orthographic":false}