{"cameraMode":{"drawMode":0,"name":"Shaded","section":"Shading Mode"},"sceneLighting":true,"audioPlay":false,"sceneViewState":{"showFog":true,"showMaterialUpdate":false,"showSkybox":true,"showFlares":true,"showImageEffects":true,"showParticleSystems":true},"in2DMode":false,"pivot":{"x":4.237789154052734,"y":8.646276473999024,"z":23.32925033569336},"rotation":{"x":-0.039269037544727328,"y":0.6140112280845642,"z":-0.030608898028731347,"w":-0.7877285480499268},"size":13.388799667358399,"orthographic":false}