{"cameraMode":{"drawMode":0,"name":"Shaded","section":"Shading Mode"},"sceneLighting":true,"audioPlay":false,"sceneViewState":{"showFog":true,"showMaterialUpdate":false,"showSkybox":true,"showFlares":true,"showImageEffects":true,"showParticleSystems":true},"in2DMode":false,"pivot":{"x":-3.598705291748047,"y":-1.6869220733642579,"z":0.110076904296875},"rotation":{"x":-0.10602709650993347,"y":0.10331504046916962,"z":-0.011081849224865437,"w":-0.9889006614685059},"size":26.184879302978517,"orthographic":false}